video_name,true_label,path_to_video,path_to_img,0,1,2,3,4,5,6,7,8,9,10,11,12,13,14,15,16,17,18,19,20,21,22,23,24
009348946266095a.mp4,bridge_up,../prepair_dataset/train/bridge_up/009348946266095a.mp4,../images_for_emb/bridge_up/009348946266095a.jpg,-5.273453,3.3990633,4.5483494,-4.6266966,-3.0159597,3.253779,-1.5389762,-0.91021955,-0.57729447,1.613175,0.85063595,-0.08029431,-0.30957752,-0.10156245,-0.97252095,-0.4089917,-0.11711311,-0.15040387,-0.259117,-0.50091636,0.06265514,-0.044373155,0.36009115,-0.3692248,-0.5629481
03523b4960a0aa5f.mp4,bridge_up,../prepair_dataset/train/bridge_up/03523b4960a0aa5f.mp4,../images_for_emb/bridge_up/03523b4960a0aa5f.jpg,-2.9750564,0.12430439,5.3767266,4.8135395,0.49295047,-1.4135748,1.0428413,-0.46342623,0.27455488,-0.92292404,1.3028058,0.058326356,-0.51568455,-0.33902618,-0.53321517,1.2528578,-1.143156,0.47438586,0.32094696,0.73891294,-1.7348458,-0.99438435,0.89914435,-0.21543719,-1.0215156
0709a815e5c94e23.mp4,bridge_up,../prepair_dataset/train/bridge_up/0709a815e5c94e23.mp4,../images_for_emb/bridge_up/0709a815e5c94e23.jpg,4.805074,-5.801342,1.3694894,-1.228245,2.7304084,0.70668787,-4.029118,-1.5867108,0.89245254,-0.05654719,-0.7386415,0.84995985,1.0554647,-1.8404511,0.19865538,0.7398183,-0.7865735,-0.05724838,-0.28774446,0.030184954,0.97400695,0.47732136,-0.6552539,0.626159,-0.8927503
09980a219eeb4268.mp4,bridge_up,../prepair_dataset/train/bridge_up/09980a219eeb4268.mp4,../images_for_emb/bridge_up/09980a219eeb4268.jpg,7.517609,7.0862117,-0.5870577,0.2957895,0.28316212,-1.4112922,0.602181,-3.2015603,-0.37205735,0.25284943,-1.4270139,-1.4954393,-3.2430913,-0.8612326,0.66769844,-3.1209009,1.7939991,-0.14109355,2.0854783,0.89868134,-0.7508304,1.2861776,-2.5334861,-0.03300282,-2.0981255
0deae38596fcef18.mp4,bridge_up,../prepair_dataset/train/bridge_up/0deae38596fcef18.mp4,../images_for_emb/bridge_up/0deae38596fcef18.jpg,-3.0240583,-2.4074721,-2.5327606,1.9187155,-0.05647339,1.2212168,-0.046899963,-1.0420723,-0.9029739,-0.008220624,-0.5510366,0.013443774,-0.26405147,-0.18786144,-0.110792086,-1.1863129,1.2147492,1.1079648,-0.17781264,-1.2824564,2.506735,-1.2629789,0.8158596,0.4139303,1.1292394
0f0b303180728956.mp4,bridge_up,../prepair_dataset/train/bridge_up/0f0b303180728956.mp4,../images_for_emb/bridge_up/0f0b303180728956.jpg,1.7812307,-1.7741781,0.7528696,2.3580878,-0.6336707,-0.48847353,-0.9423751,-2.287675,1.9184146,-1.5132271,1.9699385,-0.96684104,-2.1906767,-0.5440666,-2.987259,0.69985545,-2.9048755,-0.9106279,0.39606547,0.09284692,-0.6926478,0.7383743,-1.3860366,-0.7948204,-0.58296555
130f590d9c8034c8.mp4,bridge_up,../prepair_dataset/train/bridge_up/130f590d9c8034c8.mp4,../images_for_emb/bridge_up/130f590d9c8034c8.jpg,5.3285913,8.156719,0.24205476,0.15424943,2.4399657,0.40113625,4.3937507,-5.0765834,-3.0890362,1.015841,4.730415,-3.1244414,-0.21523668,0.41694734,3.3116183,3.14643,-1.9246821,0.11657231,-0.534684,-0.71959716,2.0910506,0.6125027,0.30238035,1.5619954,0.066420056
134f0e3814a13c42.mp4,bridge_up,../prepair_dataset/train/bridge_up/134f0e3814a13c42.mp4,../images_for_emb/bridge_up/134f0e3814a13c42.jpg,-2.7815166,-1.8168675,4.123508,3.636158,3.0129719,-1.0448694,-0.14009319,1.2726791,2.412533,1.2811017,0.8821234,0.644525,-0.85049057,-1.5029083,0.45940033,-1.0472361,-0.4662131,-0.7804404,1.5580153,-0.4710223,1.0101742,0.4372711,0.63117737,0.36943692,1.2403195
14660a902804c492.mp4,bridge_up,../prepair_dataset/train/bridge_up/14660a902804c492.mp4,../images_for_emb/bridge_up/14660a902804c492.jpg,-1.1106695,-1.602534,-0.63981754,2.389882,-3.4743993,-0.89319086,2.4773395,0.053070713,1.5545653,2.070695,-2.153677,-1.7996489,0.8458549,-0.54629856,-0.71009004,1.0047561,1.4335325,0.5352954,0.5627184,-0.12939999,-0.46298954,-1.0437958,-0.17219584,1.1930951,-0.32537967
14931fce3c22084f.mp4,bridge_up,../prepair_dataset/train/bridge_up/14931fce3c22084f.mp4,../images_for_emb/bridge_up/14931fce3c22084f.jpg,-5.048283,-0.84862375,0.5615813,2.5417247,3.490006,0.9967813,0.07579973,-0.72345924,-1.5868119,2.1797824,0.00519457,0.24246553,-1.611739,2.84218,-0.77568054,-0.28993732,0.6515795,-0.65601695,-0.5487485,0.15006435,-0.79284555,-0.2735017,0.3865772,0.33075008,0.75433034
18f3d3849f49eb50.mp4,bridge_up,../prepair_dataset/train/bridge_up/18f3d3849f49eb50.mp4,../images_for_emb/bridge_up/18f3d3849f49eb50.jpg,-0.61750096,-0.2666747,4.1200933,2.8328726,-2.633146,-0.30098742,-0.035279673,0.25297007,3.581269,-1.8009387,1.6164684,0.026839979,-0.114586614,0.4450336,1.7395093,-0.7467673,0.3212742,1.7266783,-1.8896385,-0.13657361,-0.3762511,0.14587353,-0.6078154,-0.042023923,0.02730122
1c13d07b6156a7bc.mp4,bridge_up,../prepair_dataset/train/bridge_up/1c13d07b6156a7bc.mp4,../images_for_emb/bridge_up/1c13d07b6156a7bc.jpg,-3.2084992,-2.5662897,-2.566173,2.461575,0.021098264,1.2905778,0.1044022,-1.1316829,-1.1301308,-0.20146516,-0.7333143,-0.13293913,-0.19911197,-0.18125315,-0.1172839,-0.9157486,1.1463045,1.0036747,-0.21451627,-1.4966296,2.1601844,-1.3089947,0.80540687,0.31478053,1.0596398
255c69baaf885747.mp4,bridge_up,../prepair_dataset/train/bridge_up/255c69baaf885747.mp4,../images_for_emb/bridge_up/255c69baaf885747.jpg,-5.963561,4.7205625,-4.2260404,-3.8215127,2.0457385,-3.1469522,-1.1713679,0.5011135,1.9055308,1.1537911,0.6061212,0.4328122,-0.44894218,1.1545591,0.5994726,-0.34683037,0.5295467,-0.064807855,-0.57122666,0.07430614,0.5969679,-0.2991903,-0.26472488,0.038839344,-0.06899581
25909753046415ff.mp4,bridge_up,../prepair_dataset/train/bridge_up/25909753046415ff.mp4,../images_for_emb/bridge_up/25909753046415ff.jpg,5.647378,-7.17046,-0.12509175,-2.4951406,-0.93764144,-2.8775036,0.057374466,0.64108,-1.2164407,-0.14271273,0.8787205,0.36085963,-0.39153177,0.4140214,-1.1178344,0.004756106,0.56669635,0.9697508,-0.65122586,0.12867686,-0.21090607,-0.44061583,0.93955606,0.24359117,-0.1941104
28532f70de3565c5.mp4,bridge_up,../prepair_dataset/train/bridge_up/28532f70de3565c5.mp4,../images_for_emb/bridge_up/28532f70de3565c5.jpg,-6.127489,4.6192207,-4.476177,-4.1945662,2.2237158,-3.2798114,-1.2606876,0.43266612,1.857279,1.1784568,0.39387345,0.29604575,-0.61695933,1.518475,0.7783568,-0.4369625,0.40821746,-0.3517693,-0.568662,0.15771754,0.21953918,-0.26902887,-0.16066779,-0.05840298,-0.41824085
29edd98ae0bc4e08.mp4,bridge_up,../prepair_dataset/train/bridge_up/29edd98ae0bc4e08.mp4,../images_for_emb/bridge_up/29edd98ae0bc4e08.jpg,5.0669885,8.665686,0.5545732,0.4596033,-1.4942895,-2.281021,2.6174212,-2.2632825,-1.3299202,-2.1268442,-2.5950794,0.9686631,0.16480573,0.1241714,1.296224,-0.5103794,-0.24236342,-0.3714379,-1.7308415,-0.19696763,-0.9875279,-0.7184037,1.3438766,-1.9474176,1.278942
2e85823284fb273d.mp4,bridge_up,../prepair_dataset/train/bridge_up/2e85823284fb273d.mp4,../images_for_emb/bridge_up/2e85823284fb273d.jpg,-5.128524,3.82656,4.768642,-4.579113,-3.075611,3.1382604,-1.5388259,-0.4407069,-0.5059089,1.80713,0.36170328,-0.34335145,-0.19819896,0.33255938,-1.0054321,-0.58731645,-0.20107172,-0.045603752,-0.21450807,-0.9982642,-0.068132065,-0.15688299,0.11146112,-0.32288358,-0.047702543
2fae1112ce067a12.mp4,bridge_up,../prepair_dataset/train/bridge_up/2fae1112ce067a12.mp4,../images_for_emb/bridge_up/2fae1112ce067a12.jpg,-0.9381792,-0.47062656,3.6340113,3.4307892,-2.6201348,-0.41808087,-0.21003655,0.22829092,3.178909,-2.1580544,1.6278703,0.11064622,-0.12787925,0.9642151,1.8493029,-0.19194618,0.49274117,1.3872582,-1.7497534,-0.09823654,-0.40340343,0.18242541,-0.6251488,-0.43974364,0.29169577
31407f1d72d5d857.mp4,bridge_up,../prepair_dataset/train/bridge_up/31407f1d72d5d857.mp4,../images_for_emb/bridge_up/31407f1d72d5d857.jpg,3.415707,-6.0537395,1.3860513,-2.506052,-2.36208,-1.7711366,1.3300467,2.2066407,-1.8408399,1.2780591,1.9522332,-1.0826389,-0.33058408,1.46792,0.81323516,-1.1527771,-0.7018155,-1.5024596,1.2130322,-0.089886814,-0.77401716,-0.26978534,-0.62846076,-0.31536144,1.0424643
3bc8ee63a519ab8b.mp4,bridge_up,../prepair_dataset/train/bridge_up/3bc8ee63a519ab8b.mp4,../images_for_emb/bridge_up/3bc8ee63a519ab8b.jpg,-4.540116,-1.1826652,-2.7800395,2.5093677,-1.1584594,1.3533398,-0.9986577,0.19492091,-1.697302,-0.12909847,-0.62102973,-0.18448855,-0.53602546,-1.5721543,1.9963034,-1.522806,-1.3051636,-0.47427583,0.08752387,-0.9894829,-0.3092023,-1.3390115,0.9440135,1.096072,-1.4824611
409aad57d084bc6e.mp4,bridge_up,../prepair_dataset/train/bridge_up/409aad57d084bc6e.mp4,../images_for_emb/bridge_up/409aad57d084bc6e.jpg,3.4205961,-3.1913018,2.4034956,-0.81385744,2.5051908,0.38416058,-4.2771378,-3.652785,0.66182756,1.1322848,-1.6192932,0.9159905,1.741385,1.700769,2.6654167,1.9686245,0.7047519,-0.17620754,1.5138195,-0.38094416,-1.772543,-0.64949685,-0.26573417,0.0970858,0.6623428
44eab345ff8956e6.mp4,bridge_up,../prepair_dataset/train/bridge_up/44eab345ff8956e6.mp4,../images_for_emb/bridge_up/44eab345ff8956e6.jpg,7.3515983,7.0709434,-1.8978791,3.0235426,0.19905724,1.3944405,-3.9755507,5.8143697,-0.639998,0.79484874,1.6090733,0.12265707,1.5054892,0.2849653,-1.1273352,1.5223529,0.99204636,-0.9833048,-0.85277975,0.5551508,0.2899711,0.4844875,0.46449277,1.1098851,-1.2276068
47b5eb98f2415596.mp4,bridge_up,../prepair_dataset/train/bridge_up/47b5eb98f2415596.mp4,../images_for_emb/bridge_up/47b5eb98f2415596.jpg,4.370462,-6.2972493,1.1818995,-3.0403385,-1.7800395,-1.7591742,0.59097576,1.3114463,-1.6241499,0.38157934,0.74791735,-0.33087647,0.47842494,1.1420199,0.56391025,-0.88250065,-0.72011966,-0.94338,0.9041874,-0.2907706,0.017627187,-0.29566082,-0.7774751,0.018963281,1.0343286
4d9db56a957eb9b6.mp4,bridge_up,../prepair_dataset/train/bridge_up/4d9db56a957eb9b6.mp4,../images_for_emb/bridge_up/4d9db56a957eb9b6.jpg,4.9922113,-7.480506,0.7624379,-2.627317,-1.5573932,-3.109098,0.48227826,1.3095442,-1.8890002,0.0995382,1.5598514,-0.40465167,-0.15596609,0.10905235,0.15661286,-0.6030298,0.20861933,0.1682728,0.13883075,0.008918269,0.29608062,-0.29882187,-0.08327793,-0.17934708,-0.22784013
4ed2c51ffc172a03.mp4,bridge_up,../prepair_dataset/train/bridge_up/4ed2c51ffc172a03.mp4,../images_for_emb/bridge_up/4ed2c51ffc172a03.jpg,-6.391059,3.2284095,1.642806,-3.6236758,-0.5864012,-0.72531706,0.6819527,1.90607,-1.904854,-2.4810653,-1.6940827,0.27259722,-0.11428457,-1.2318553,0.7836637,1.186765,-1.4753795,0.4623957,-0.47275347,1.4069986,0.009147986,-0.28241226,-1.6366978,1.0722992,0.84767395
574bec3811e1965a.mp4,bridge_up,../prepair_dataset/train/bridge_up/574bec3811e1965a.mp4,../images_for_emb/bridge_up/574bec3811e1965a.jpg,-5.5516515,4.3731174,-1.6107274,-3.0531197,2.9243035,-2.7995656,0.41263744,0.4320388,-0.4911849,-1.2646064,0.73867303,-1.071603,1.6228472,-1.750376,-1.4050962,0.7356559,-1.0995531,1.856322,1.5963405,-1.1211317,-1.4165537,0.16481128,1.3575902,0.12137887,0.054350223
590524ffcf1dfa75.mp4,bridge_up,../prepair_dataset/train/bridge_up/590524ffcf1dfa75.mp4,../images_for_emb/bridge_up/590524ffcf1dfa75.jpg,-0.989559,-1.8998635,-4.034356,2.5157251,-1.9386306,-0.39021516,-0.5744032,-2.0500314,1.1343019,0.31251082,2.0822153,1.0258646,1.1475339,0.95664227,-1.6956817,1.4049557,-1.0214506,-1.1174065,0.17501274,1.5711602,0.43630323,-1.2287366,-0.42820784,-0.8705536,-0.5230027
5bb806639d163766.mp4,bridge_up,../prepair_dataset/train/bridge_up/5bb806639d163766.mp4,../images_for_emb/bridge_up/5bb806639d163766.jpg,-0.7089179,-0.5741309,3.8848882,2.877822,-2.3626804,-0.028145466,-0.60236937,-0.19770312,3.2836874,-2.1084929,1.7716562,-0.13621826,-0.15403004,0.5635201,1.6450573,-0.42074934,0.33541903,1.6312214,-1.8520947,-0.3339145,-0.115985334,-0.076402925,-0.5830595,-0.04308973,-0.07077794
5e6f43fb7efad2af.mp4,bridge_up,../prepair_dataset/train/bridge_up/5e6f43fb7efad2af.mp4,../images_for_emb/bridge_up/5e6f43fb7efad2af.jpg,6.8431544,7.5863805,0.60646707,-0.23721482,-0.04798226,0.94261765,1.8621895,-0.39768216,0.051276963,0.6739536,0.6189714,0.06033556,0.36407423,-0.360557,-0.77633405,-2.6342173,0.25748074,1.5648717,0.47307056,0.086393245,-0.8390123,0.8444665,-0.07415791,1.916578,-1.4340432
5eb3506565e9ff46.mp4,bridge_up,../prepair_dataset/train/bridge_up/5eb3506565e9ff46.mp4,../images_for_emb/bridge_up/5eb3506565e9ff46.jpg,-6.222421,3.2677517,1.4645985,-3.3985507,-0.48404267,-1.1440992,0.5330659,1.7226775,-1.8670816,-2.4455042,-1.7343702,0.31915388,0.16279836,-1.4579445,0.8298933,1.2157216,-1.2394032,0.4017614,-0.5510032,1.4514672,-0.06669449,-0.44488844,-1.6777952,0.94993734,0.8533786
5f7b53fefa0dd0c2.mp4,bridge_up,../prepair_dataset/train/bridge_up/5f7b53fefa0dd0c2.mp4,../images_for_emb/bridge_up/5f7b53fefa0dd0c2.jpg,-3.194337,-1.2596766,4.651537,3.5384595,2.4757004,-1.4322325,-0.033422988,1.5542343,1.769218,0.7068118,1.3274925,0.7909052,-0.38125253,-1.7407508,0.069302365,-1.3254546,-0.7143685,-0.7065794,2.0253782,0.029694892,0.32529455,0.24636179,0.42756638,0.5556205,0.47070864
5f864ce5b3eb38c2.mp4,bridge_up,../prepair_dataset/train/bridge_up/5f864ce5b3eb38c2.mp4,../images_for_emb/bridge_up/5f864ce5b3eb38c2.jpg,-3.3547354,-1.5662683,-4.164943,1.8294884,-1.8971483,1.4795315,-1.0741694,-1.4391224,-1.451288,-0.706965,0.61053723,0.89823693,0.79093856,0.6878992,-0.06980363,-0.83212215,0.79406303,1.2167575,0.5027112,0.661564,-0.24365532,1.9769745,-0.110672,0.24547514,1.0843675
61c5ae427509bc1d.mp4,bridge_up,../prepair_dataset/train/bridge_up/61c5ae427509bc1d.mp4,../images_for_emb/bridge_up/61c5ae427509bc1d.jpg,-1.3452117,-1.558007,-0.33938482,2.3251045,-3.5377,-0.6811804,2.7809398,0.20541771,1.4990431,1.9311663,-2.0058804,-1.5820427,0.68052536,-0.74057955,-0.5683644,1.195031,1.4216024,0.43182302,0.37052566,-0.11606092,-0.32315505,-1.1312628,-0.3557,1.4419502,-0.27658328
71c1d326794f7b48.mp4,bridge_up,../prepair_dataset/train/bridge_up/71c1d326794f7b48.mp4,../images_for_emb/bridge_up/71c1d326794f7b48.jpg,-6.0779123,4.9194145,-4.2492657,-3.7630503,1.990106,-3.2469628,-1.2023056,0.6004377,1.9999392,1.036198,0.4904028,0.40910965,-0.8102606,1.1412349,0.5541959,-0.38917106,0.40196612,-0.18401842,-0.46172342,0.3908796,0.4800323,-0.17128368,-0.296637,0.22634186,-0.27138716
74e366d08cd06039.mp4,bridge_up,../prepair_dataset/train/bridge_up/74e366d08cd06039.mp4,../images_for_emb/bridge_up/74e366d08cd06039.jpg,5.7473903,-6.877575,-0.19860917,-2.4734125,-0.83603925,-3.04523,-0.056116275,0.39452603,-1.2006502,-0.5303154,0.66664284,0.23415765,-1.0974967,0.7418018,-0.8550247,0.04741743,0.75949365,0.7408018,-0.42980108,0.18586251,-0.4459444,-0.16733429,0.6932888,0.12659718,0.013347281
783f8d2262d25b15.mp4,bridge_up,../prepair_dataset/train/bridge_up/783f8d2262d25b15.mp4,../images_for_emb/bridge_up/783f8d2262d25b15.jpg,-3.7414486,-1.9064552,-4.1060424,2.6907105,-2.2638402,0.5968839,-1.4543165,0.52393293,-1.6950477,-1.0076948,-0.6927078,0.48138812,-1.6364145,-1.3996202,2.344806,-0.8801466,-0.9919244,-2.115177,-0.31054777,-0.9331328,-0.8682417,-0.76842123,0.25919202,-0.18391757,-0.9175499
7854f9d7acd677ae.mp4,bridge_up,../prepair_dataset/train/bridge_up/7854f9d7acd677ae.mp4,../images_for_emb/bridge_up/7854f9d7acd677ae.jpg,-3.1293154,-2.0083709,-4.106939,1.819859,-1.9837621,1.6258246,-1.2414902,-1.4259106,-1.1545413,-0.9230325,0.9716452,0.91781104,1.0598408,0.41786414,-0.21136497,-0.8429171,0.8679831,1.2579619,0.80520475,0.95572484,-0.43889466,1.7736715,-0.09795843,0.32110065,0.8472295
78fcec67021ae65a.mp4,bridge_up,../prepair_dataset/train/bridge_up/78fcec67021ae65a.mp4,../images_for_emb/bridge_up/78fcec67021ae65a.jpg,-4.871447,-1.4321089,2.8187828,4.7547126,4.438129,-0.7921434,0.6799236,-0.13415945,-2.4874501,0.7062151,-1.3495994,-0.6858882,0.6777382,1.6352679,-1.1389744,-0.18934116,-0.26713225,0.31101847,-1.5513968,0.05139382,-0.01067165,0.20865436,-0.8079592,-0.55410874,-0.5097425
7fc820eeaa742ac4.mp4,bridge_up,../prepair_dataset/train/bridge_up/7fc820eeaa742ac4.mp4,../images_for_emb/bridge_up/7fc820eeaa742ac4.jpg,0.20316948,-2.0854437,-1.033313,-2.0184455,2.6937232,4.2255645,1.7391063,1.6803161,1.8457694,-3.1970751,-0.6472335,-3.2701125,3.0432553,1.9374655,0.509843,-1.6437291,-0.704048,-1.3714277,0.5621843,0.3457196,0.2995563,-0.28108624,-0.2172917,0.067693345,-0.15703896
802ce0f6fcc32ecb.mp4,bridge_up,../prepair_dataset/train/bridge_up/802ce0f6fcc32ecb.mp4,../images_for_emb/bridge_up/802ce0f6fcc32ecb.jpg,-5.873053,4.8273077,-4.182224,-3.92072,1.8287606,-3.299907,-0.97143686,0.4283409,2.1678586,1.0886617,0.5825613,0.7313588,-0.6833636,1.2362942,0.52793694,-0.19961789,0.3595702,-0.124024674,-0.57783484,0.54427373,0.48921752,-0.23144472,-0.42398846,0.16331226,-0.17832987
8139c568a635c7c6.mp4,bridge_up,../prepair_dataset/train/bridge_up/8139c568a635c7c6.mp4,../images_for_emb/bridge_up/8139c568a635c7c6.jpg,1.6397213,-2.8951335,-0.52014506,-2.1403096,1.7235316,4.525904,3.2161064,2.095518,0.006999918,3.4385,0.2580741,1.9252837,-1.6188059,-1.7745868,1.652732,0.38592947,-0.4359455,0.9866531,-0.08975045,2.3663604,-0.68881524,0.7155481,-0.0022135556,-0.6967038,1.2427939
870d3067ab534a57.mp4,bridge_up,../prepair_dataset/train/bridge_up/870d3067ab534a57.mp4,../images_for_emb/bridge_up/870d3067ab534a57.jpg,-3.364204,-1.9729052,-4.3462434,2.3986495,-2.020197,0.5809799,-1.377406,0.3270503,-1.7693028,-1.0803254,-0.61434066,0.61050457,-1.3556193,-1.4818426,2.2455988,-0.95335513,-1.0923375,-1.996548,-0.17794868,-0.8775366,-0.8967481,-0.91228455,0.0833403,-0.108326994,-0.9386908
88958dd4e1a5cc69.mp4,bridge_up,../prepair_dataset/train/bridge_up/88958dd4e1a5cc69.mp4,../images_for_emb/bridge_up/88958dd4e1a5cc69.jpg,4.9038477,4.477432,0.30207023,1.3536447,-2.2139845,1.2839528,-1.421578,4.8120804,-0.0025245482,-0.94663095,-3.2106426,2.259449,-2.6054251,2.618078,-0.6907849,2.7677362,-2.1479354,0.7574559,0.89945865,-2.1772668,0.3510893,1.076768,-1.2309229,1.3884708,0.71585
8aacc08226d1c5a8.mp4,bridge_up,../prepair_dataset/train/bridge_up/8aacc08226d1c5a8.mp4,../images_for_emb/bridge_up/8aacc08226d1c5a8.jpg,5.3045635,-7.109076,0.7726293,-2.2665129,0.028327947,-1.5074196,-0.14010885,-0.22919913,-0.4036042,-0.5769874,-0.26779586,0.14995116,-0.12036982,0.6578981,-0.77712584,-0.40330663,-0.10608615,-0.12075275,-0.84939,-0.6191954,0.7068866,0.654036,0.41831392,0.7644636,-0.22480316
92d0f18bad176695.mp4,bridge_up,../prepair_dataset/train/bridge_up/92d0f18bad176695.mp4,../images_for_emb/bridge_up/92d0f18bad176695.jpg,6.830635,4.845963,-0.92909586,-0.8127077,1.2963929,-0.25510028,-0.49761435,-2.767621,0.34627298,-1.1225996,-1.5479311,-0.45390204,-1.039036,-2.3001692,-2.435294,-0.42211056,0.17006567,0.4355824,0.5417971,-0.54604524,1.8712249,-1.8597219,-2.6841335,-0.9379446,1.9870327
98f55b2fffc83f9e.mp4,bridge_up,../prepair_dataset/train/bridge_up/98f55b2fffc83f9e.mp4,../images_for_emb/bridge_up/98f55b2fffc83f9e.jpg,-3.2819953,-1.9134101,-4.235605,1.9396597,-1.9253756,1.4914018,-1.1919732,-1.3305229,-1.2902545,-0.52416724,0.56550264,0.94315076,0.678645,0.24245669,-0.29608506,-0.69285023,0.6907293,1.4799843,0.69593775,0.81667334,-0.18398541,1.9025642,-0.17916127,0.35249585,0.8658488
a08510359964c8f9.mp4,bridge_up,../prepair_dataset/train/bridge_up/a08510359964c8f9.mp4,../images_for_emb/bridge_up/a08510359964c8f9.jpg,-5.274811,3.8366163,4.6447144,-5.033906,-3.438213,3.2833495,-1.2061623,-0.9323744,-0.5031874,1.7265983,0.963921,-0.12571022,-0.15760708,0.32096836,-0.8817613,-0.32887077,-0.22850741,-0.035380162,-0.12370042,-0.5438724,0.08822379,-0.0073480722,0.23140807,-0.5426124,-0.40007696
a17d6f493042e9c1.mp4,bridge_up,../prepair_dataset/train/bridge_up/a17d6f493042e9c1.mp4,../images_for_emb/bridge_up/a17d6f493042e9c1.jpg,1.7137355,-2.4111483,-0.24550876,-2.0390332,2.2009377,3.705914,3.7293365,2.2540028,-0.47003475,1.862629,0.8875268,1.4876044,-0.6860592,-1.5911723,0.9297335,0.57744294,0.72429943,1.0224265,-0.20693281,2.8622875,-0.39591572,-1.545809,-0.33097875,-0.845819,-0.3590783
a3e42eb651728430.mp4,bridge_up,../prepair_dataset/train/bridge_up/a3e42eb651728430.mp4,../images_for_emb/bridge_up/a3e42eb651728430.jpg,-4.172659,1.855664,4.235926,-0.51629376,-1.4260768,-1.6070106,-0.024167903,-0.20338461,-1.0797563,-3.1780727,0.06529374,0.6976658,0.27912527,-1.1922438,-0.016592195,1.6133617,3.489623,-2.4918597,0.68387395,1.4662935,0.88878006,1.1179216,1.0349362,-0.2596156,-0.072925396
a536511a19c61e7b.mp4,bridge_up,../prepair_dataset/train/bridge_up/a536511a19c61e7b.mp4,../images_for_emb/bridge_up/a536511a19c61e7b.jpg,-5.073032,3.4237623,4.716546,-5.02722,-2.8917513,3.553946,-1.7476504,-0.8021582,-0.4835777,1.6782197,0.35335037,-0.4672109,-0.24403249,0.31304187,-1.225801,-0.7252173,-0.10610296,-0.2157223,-0.257106,-0.97117805,-0.00019673574,-0.19017285,-0.015210546,-0.1988782,-0.023759997
a547adde790d93ec.mp4,bridge_up,../prepair_dataset/train/bridge_up/a547adde790d93ec.mp4,../images_for_emb/bridge_up/a547adde790d93ec.jpg,-1.061727,-0.5801469,-2.3676462,0.9356885,-2.9453819,-0.92487556,1.1833987,0.37503392,1.5042822,2.369944,-2.1604369,-3.3967738,-0.21586801,-0.29334024,1.0573052,1.2013944,-0.54564726,-0.99968415,-0.54365784,-0.13172458,0.5705169,2.0076406,0.4960697,-1.6030673,0.14446823
a9c45ad42e03a20a.mp4,bridge_up,../prepair_dataset/train/bridge_up/a9c45ad42e03a20a.mp4,../images_for_emb/bridge_up/a9c45ad42e03a20a.jpg,3.3011086,-5.380823,0.6261152,-2.6367505,2.2126288,0.23476776,-1.9845588,-0.837531,0.74814075,0.3649226,-1.9572637,0.43223223,1.2595623,-2.3891962,0.09102594,-0.18126424,-0.9066014,0.8231129,-1.4800631,0.29093876,0.5869035,0.37471524,0.590443,-0.55821896,-0.9511166
ae60c15fd7e2cd3d.mp4,bridge_up,../prepair_dataset/train/bridge_up/ae60c15fd7e2cd3d.mp4,../images_for_emb/bridge_up/ae60c15fd7e2cd3d.jpg,3.710481,-3.3036153,2.2496006,-0.96985555,2.0284688,0.3353523,-3.7847466,-3.2505136,0.43208688,1.32328,-1.7637854,0.67167187,1.4333329,1.8558259,2.3426044,1.8817481,0.599929,0.077530205,1.8117872,-0.00092306314,-1.6310217,-0.65645236,-0.22362489,0.1377214,0.22620068
b0a1c5ddef4859a9.mp4,bridge_up,../prepair_dataset/train/bridge_up/b0a1c5ddef4859a9.mp4,../images_for_emb/bridge_up/b0a1c5ddef4859a9.jpg,-5.126891,3.649995,-1.6711721,-3.133131,1.9640505,-2.4497633,1.1126503,0.35861865,-0.37201253,-1.6423323,0.32676694,-1.0443057,1.5951813,-1.4789114,-1.3279907,0.62455744,-0.92667365,2.1102514,1.5760808,-1.288152,-1.8843825,0.37569773,1.4221544,-0.46277738,-0.20774528
b4aba7e191ad9de0.mp4,bridge_up,../prepair_dataset/train/bridge_up/b4aba7e191ad9de0.mp4,../images_for_emb/bridge_up/b4aba7e191ad9de0.jpg,3.3810897,-5.379265,0.65011835,-2.5991695,2.315398,0.58182746,-2.1064925,-0.85432047,0.88609415,0.39648265,-2.0964243,0.5091054,1.3397777,-2.5438316,0.032817073,-0.12760052,-0.8571495,0.8654492,-1.5472776,0.10869561,0.9444488,0.48169157,0.40516755,-0.3638673,-1.0969535
bbdb8f73a9022d81.mp4,bridge_up,../prepair_dataset/train/bridge_up/bbdb8f73a9022d81.mp4,../images_for_emb/bridge_up/bbdb8f73a9022d81.jpg,7.471705,6.7014785,0.79221284,-0.1252172,-0.37916332,0.0060208933,0.6518828,-2.7617085,1.7266105,-0.20188071,-2.7178035,0.72435266,-1.3405782,1.1808467,-1.8479358,-1.6448885,-1.8400576,-1.9173555,-1.5700023,2.617368,-0.7676768,0.08088534,2.9224453,2.378258,1.3755269
bcd0b5a94bdfd8db.mp4,bridge_up,../prepair_dataset/train/bridge_up/bcd0b5a94bdfd8db.mp4,../images_for_emb/bridge_up/bcd0b5a94bdfd8db.jpg,0.77619445,-3.8947418,-2.8678331,-1.4636552,2.6306925,2.9333415,2.054581,-0.09108494,1.1233889,-1.7240343,0.29971275,0.7765057,-2.4523084,-0.30474803,-0.6165391,1.569741,1.2185937,-0.2808007,-0.3446315,-1.3549706,-0.57737434,0.2310259,0.25624475,0.073995724,-0.2786647
bcf899f090675d0f.mp4,bridge_up,../prepair_dataset/train/bridge_up/bcf899f090675d0f.mp4,../images_for_emb/bridge_up/bcf899f090675d0f.jpg,-5.543187,-0.848496,3.249319,4.7115083,3.7241297,-0.6779874,1.1689503,0.6242501,-3.3050134,0.9405413,-1.5835112,0.116927736,0.28805125,1.2436262,-1.2177254,-0.488217,0.016464176,0.025540492,-0.6282804,-0.04946058,-0.15359215,0.5670476,-0.8336251,-0.35337463,-0.5811
bd489c88a046af92.mp4,bridge_up,../prepair_dataset/train/bridge_up/bd489c88a046af92.mp4,../images_for_emb/bridge_up/bd489c88a046af92.jpg,0.38999432,-2.2758138,-0.93215084,-2.3699589,2.5752494,3.9743543,2.0140016,1.756635,1.862085,-3.033359,-0.74106646,-3.2298837,3.2384708,1.9094318,0.3332425,-1.7610589,-0.52348286,-1.0782303,0.67264473,0.4668234,0.22053362,-0.11432764,-0.44026703,0.16355222,0.11264542
bf2e1c2c40b60146.mp4,bridge_up,../prepair_dataset/train/bridge_up/bf2e1c2c40b60146.mp4,../images_for_emb/bridge_up/bf2e1c2c40b60146.jpg,-3.683171,-2.0438669,-4.97065,2.5775354,-1.8115864,0.964542,-1.4691516,-1.2646098,-1.4158382,-0.9582186,1.0192868,1.1145418,0.641457,-0.29084247,0.06356268,-0.27102166,-0.842961,0.5582286,0.38924885,0.78536177,0.022247404,0.5880983,0.10782593,0.28343612,0.23128873
bf51d97e139398f6.mp4,bridge_up,../prepair_dataset/train/bridge_up/bf51d97e139398f6.mp4,../images_for_emb/bridge_up/bf51d97e139398f6.jpg,-4.963314,-0.86673266,2.9868991,5.13818,4.352511,-0.88862306,0.99304456,0.2362083,-2.765582,0.939714,-1.4136689,-0.34095332,0.46188784,1.7662469,-1.0563445,-0.47512996,0.11362537,0.39513278,-1.386161,0.055798326,0.038371705,0.13923733,-0.7446532,-0.93163186,-0.8139659
c940e627bcd1f137.mp4,bridge_up,../prepair_dataset/train/bridge_up/c940e627bcd1f137.mp4,../images_for_emb/bridge_up/c940e627bcd1f137.jpg,-1.2399111,-1.5321814,-0.44141066,2.0545225,-3.6291623,-0.66084605,2.7121162,0.23210202,1.6138641,2.0489576,-1.9688716,-1.7406819,0.76598346,-0.5394357,-0.42774108,1.1054238,1.4426348,0.5756313,0.32643646,-0.11298137,-0.47258848,-1.0940864,0.008806625,1.3139664,-0.38928428
cabd240c452498fa.mp4,bridge_up,../prepair_dataset/train/bridge_up/cabd240c452498fa.mp4,../images_for_emb/bridge_up/cabd240c452498fa.jpg,5.185901,5.906647,-0.5327456,0.98448193,-1.394466,-0.56063926,3.6945212,0.044951346,0.32855138,0.7293502,-0.19107169,4.7854686,3.263653,0.34522396,0.33710885,-0.35197285,-0.22905512,-0.9804634,0.57471323,-1.7142515,0.5927276,0.28657404,-0.4840736,-0.67139816,-0.7109538
d28e45d3c71083f2.mp4,bridge_up,../prepair_dataset/train/bridge_up/d28e45d3c71083f2.mp4,../images_for_emb/bridge_up/d28e45d3c71083f2.jpg,4.9750857,6.4242744,-0.3685079,0.41773853,-0.9931561,-0.28386965,3.8889205,0.55424935,0.47347966,0.87851065,0.27496257,4.4816527,3.2020905,0.030370522,0.18762866,-0.5454987,-0.16974811,-0.45836937,0.21502414,-1.1864535,0.44100004,0.3467902,-0.09331038,-1.1405051,-0.4954708
d7cbd916f72e71a1.mp4,bridge_up,../prepair_dataset/train/bridge_up/d7cbd916f72e71a1.mp4,../images_for_emb/bridge_up/d7cbd916f72e71a1.jpg,-1.3266444,-2.1967218,-3.7415268,3.181748,-2.4236012,0.26999995,-0.5817869,-1.6833936,1.0341566,0.5811882,1.9807266,0.7106961,1.6278553,0.2591783,-2.7511585,1.149625,-1.4949409,-0.97393584,0.3457088,1.5509139,0.36605826,-1.82132,-0.6093689,-0.37461117,-0.015454731
d992ba223a35b8a8.mp4,bridge_up,../prepair_dataset/train/bridge_up/d992ba223a35b8a8.mp4,../images_for_emb/bridge_up/d992ba223a35b8a8.jpg,-4.2038727,1.8163321,4.9868836,-1.2490441,-0.89072716,-0.80685526,0.11086654,-0.63355374,-1.1438888,-2.7842228,-0.16027582,0.2521261,0.31908852,-1.0362368,-0.27289033,1.6215405,2.9509368,-2.3194962,0.5962688,0.72012234,1.1052504,0.7172528,0.2662063,-0.024568139,-0.30006874
db19a33c9016c296.mp4,bridge_up,../prepair_dataset/train/bridge_up/db19a33c9016c296.mp4,../images_for_emb/bridge_up/db19a33c9016c296.jpg,-2.7815166,-1.8168675,4.123508,3.636158,3.0129719,-1.0448692,-0.14009348,1.2726786,2.412533,1.2811024,0.8821239,0.64452523,-0.85049057,-1.5029082,0.45940042,-1.0472358,-0.466213,-0.7804407,1.5580152,-0.47102234,1.0101746,0.43727168,0.63117766,0.36943653,1.2403194
e15b70830c83ee2f.mp4,bridge_up,../prepair_dataset/train/bridge_up/e15b70830c83ee2f.mp4,../images_for_emb/bridge_up/e15b70830c83ee2f.jpg,8.301904,7.7708797,-1.058288,2.126387,1.2687393,-0.034955963,-3.3599694,2.0394642,-0.90006924,0.6545014,1.4727377,-2.280305,0.80147237,-1.8373708,-0.5798275,-0.8763126,1.4469177,-0.48115706,-1.1864892,-0.9293831,-2.4228497,-0.73173565,0.05689315,-1.3634639,2.4291666
e2a1b084fc73049f.mp4,bridge_up,../prepair_dataset/train/bridge_up/e2a1b084fc73049f.mp4,../images_for_emb/bridge_up/e2a1b084fc73049f.jpg,7.4801507,6.4894686,-1.9513651,2.9899826,1.9037423,1.3591034,-3.68541,2.2826853,-1.197068,0.60811377,1.9456666,-1.9297913,0.742863,-1.6173385,0.0338714,0.98957807,1.3165237,-0.4190285,-1.0733598,-0.047232762,0.12901473,-0.13751994,-0.43820262,0.59139174,-0.078128666
e3ef3988305378e2.mp4,bridge_up,../prepair_dataset/train/bridge_up/e3ef3988305378e2.mp4,../images_for_emb/bridge_up/e3ef3988305378e2.jpg,0.53567725,-3.5992842,-2.8401444,-1.4565647,2.6202185,3.1239545,2.2337484,-0.2973386,1.39847,-1.4123031,0.37383318,0.8792884,-2.789279,0.16258767,-0.6417969,1.6337407,1.3012103,-0.4517083,-0.47465014,-1.380144,-0.86229956,0.35298887,0.3184675,-0.11174438,-0.079999134
e603a7ca3b43cf23.mp4,bridge_up,../prepair_dataset/train/bridge_up/e603a7ca3b43cf23.mp4,../images_for_emb/bridge_up/e603a7ca3b43cf23.jpg,6.145217,6.533267,1.0106437,1.993985,-0.87703675,0.93807894,-2.4546025,2.104433,-0.5347193,-1.7026817,-1.2687595,-1.0213462,-2.3047552,2.532308,0.8824376,0.2235823,-0.4236605,2.623765,2.89628,1.77258,2.261689,-1.4105202,2.2318237,-2.2667212,-1.2610483
e9dcb3adde46fcf0.mp4,bridge_up,../prepair_dataset/train/bridge_up/e9dcb3adde46fcf0.mp4,../images_for_emb/bridge_up/e9dcb3adde46fcf0.jpg,5.1781588,-6.946501,0.8375127,-2.0417447,0.0037119747,-1.6629704,-0.3534339,-0.15782923,-0.4836247,-0.30043194,-0.4430664,0.11387809,-0.06832984,0.44717997,-0.7792307,-0.5091935,-0.01404192,-0.1320109,-0.7135975,-0.45684293,0.6680683,0.8217935,0.50649405,0.725246,-0.28769296
eb92f0f94a082daa.mp4,bridge_up,../prepair_dataset/train/bridge_up/eb92f0f94a082daa.mp4,../images_for_emb/bridge_up/eb92f0f94a082daa.jpg,4.7812943,-7.296501,1.0484884,-2.6721363,-1.8324835,-2.8213634,0.57756245,1.2048738,-1.7004125,0.10605911,1.3827972,-0.28982604,-0.16818796,0.30450165,0.13623402,-0.5163238,0.029489016,0.27252847,-0.027447272,-0.01442947,0.23555253,-0.36788985,-0.22818649,-0.17933308,-0.19704638
f056355f5b8e6b7d.mp4,bridge_up,../prepair_dataset/train/bridge_up/f056355f5b8e6b7d.mp4,../images_for_emb/bridge_up/f056355f5b8e6b7d.jpg,1.2846944,-3.1798246,-2.7759907,-1.7164267,2.713006,2.7319176,2.649677,-0.38123927,1.3253393,-2.037405,0.805993,0.36966303,-1.9925102,0.67566925,-1.288449,0.8058942,1.1892862,-0.60047126,0.2378119,-1.2779661,-0.7804403,-0.24409623,0.21427807,-0.7352142,-0.49329054
fc176bebf46d3f43.mp4,bridge_up,../prepair_dataset/train/bridge_up/fc176bebf46d3f43.mp4,../images_for_emb/bridge_up/fc176bebf46d3f43.jpg,-0.49739805,-2.0619674,-3.4351802,1.0730168,-2.539787,-0.92218846,0.44634095,0.66150284,1.2636526,2.3271804,-2.1443431,-2.828246,-0.072766386,-0.56765634,0.16344729,1.3530449,-0.97841114,-0.41293967,-0.17328872,0.039600737,0.45951688,2.686563,0.4641775,-2.065591,0.41719815
